city,observed_on,temp_max_c,temp_min_c,precipitation_mm,wind_ms,conditions
Stockholm,2026-09-21,16.2,9.1,0.0,4.2,sun
Stockholm,2026-09-22,15.4,8.7,1.2,5.1,cloud
Stockholm,2026-09-23,13.8,9.5,6.4,7.8,rain
Stockholm,2026-09-24,12.9,8.2,3.1,6.5,rain
Stockholm,2026-09-25,14.6,7.4,0.0,3.9,sun
Stockholm,2026-09-26,17.4,6.8,0.0,3.2,sun
Stockholm,2026-09-27,13.2,7.9,0.4,4.6,cloud
Gothenburg,2026-09-21,15.8,10.2,2.3,6.9,cloud
Gothenburg,2026-09-22,14.1,10.8,8.7,11.4,rain
Gothenburg,2026-09-23,13.5,9.9,12.1,12.8,rain
Gothenburg,2026-09-24,13.9,9.1,4.2,8.6,rain
Gothenburg,2026-09-25,15.2,8.4,0.3,5.2,cloud
Gothenburg,2026-09-26,16.4,8.9,0.0,4.1,sun
Gothenburg,2026-09-27,14.3,9.6,3.8,7.3,rain
Malmö,2026-09-21,17.3,11.0,0.0,5.4,sun
Malmö,2026-09-22,16.8,11.6,0.8,6.2,cloud
Malmö,2026-09-23,15.1,11.2,5.6,9.7,rain
Malmö,2026-09-24,14.7,10.4,7.9,10.6,rain
Malmö,2026-09-25,16.0,9.8,1.1,6.8,cloud
Malmö,2026-09-26,17.9,10.1,0.0,4.4,sun
Malmö,2026-09-27,16.2,10.9,6.3,8.9,rain
Umeå,2026-09-21,12.4,4.1,0.0,3.1,sun
Umeå,2026-09-22,11.2,5.3,2.4,,cloud
Umeå,2026-09-23,9.8,3.6,4.7,6.2,rain
Umeå,2026-09-24,8.5,1.2,3.3,5.7,rain
Umeå,2026-09-25,10.1,-0.8,0.0,2.6,sun
Umeå,2026-09-26,11.7,0.4,0.0,2.2,sun
Umeå,2026-09-27,10.6,2.8,1.5,4.0,cloud
Kiruna,2026-09-21,7.8,0.9,0.2,3.4,cloud
Kiruna,2026-09-22,6.1,-1.4,1.8,4.6,cloud
Kiruna,2026-09-23,3.2,-2.6,4.3,7.1,snow
Kiruna,2026-09-24,2.7,-3.8,2.9,,snow
Kiruna,2026-09-25,5.4,-4.1,0.0,2.1,sun
Kiruna,2026-09-26,6.9,-1.9,0.0,1.8,sun
Kiruna,2026-09-27,5.2,-0.6,1.1,3.5,cloud
Visby,2026-09-21,15.6,11.4,0.0,7.2,sun
Visby,2026-09-22,15.0,11.9,0.6,9.4,cloud
Visby,2026-09-23,14.2,11.1,3.9,13.6,rain
Visby,2026-09-24,13.6,10.3,5.2,11.9,rain
Visby,2026-09-25,14.9,9.7,0.0,6.1,sun
Visby,2026-09-26,16.1,9.2,0.0,5.3,sun
Visby,2026-09-27,14.8,10.6,2.7,8.1,cloud
Oslo,2026-09-21,14.9,7.2,0.0,3.3,sun
Oslo,2026-09-22,13.6,8.1,3.4,4.9,rain
Oslo,2026-09-23,12.1,7.7,9.8,6.3,rain
Oslo,2026-09-24,11.4,6.5,6.1,5.8,rain
Oslo,2026-09-25,13.0,4.9,0.0,2.7,sun
Oslo,2026-09-26,14.2,5.3,0.0,2.4,sun
Oslo,2026-09-27,12.8,6.4,2.2,4.1,cloud
